event,iteration,wallclock_seconds,learning_rate,train_step_loss,train_eval_loss,val_eval_loss
train_step,50,8.261314105000565,2.9999999999999997e-05,8.231588363647461,,
train_step,100,16.12578825499986,5.9999999999999995e-05,6.691527843475342,,
train_step,150,23.961318992000088,8.999999999999999e-05,5.597250938415527,,
train_step,200,31.77165584100112,0.00011999999999999999,4.60261344909668,,
train_step,250,39.56063856200126,0.00015,4.108490943908691,,
train_step,300,47.3369511230012,0.00017999999999999998,3.7703986167907715,,
train_step,350,55.097536219000176,0.00020999999999999998,3.561504602432251,,
train_step,400,62.849288546000025,0.00023999999999999998,3.3248043060302734,,
train_step,450,70.5843932630014,0.00027,3.124718189239502,,
train_step,500,78.32617263300017,0.0003,2.9944305419921875,,
eval,500,78.32617263300017,0.0003,,3.015304822921753,3.0010808181762694
train_step,550,90.63931895099995,0.00029999893254699703,2.9066073894500732,,
train_step,600,98.36661815800107,0.00029999573020486907,2.692905902862549,,
train_step,650,106.09559704000094,0.0002999903930242583,2.797511339187622,,
train_step,700,113.80555373800053,0.00029998292108956754,2.6799681186676025,,
train_step,750,121.53119439800139,0.0002999733145189588,2.6501173973083496,,
train_step,800,129.3311600600009,0.0002999615734643516,2.6324453353881836,,
train_step,850,137.09696421199988,0.00029994769811142035,2.598173141479492,,
train_step,900,144.80649092000021,0.00029993168867959146,2.58028507232666,,
train_step,950,152.5914717650012,0.00029991354542204,2.5490548610687256,,
train_step,1000,160.30111654900065,0.0002998932686256857,2.3444247245788574,,
eval,1000,160.30111654900065,0.0002998932686256857,,2.4418318176269533,2.4222158193588257
train_step,1050,172.7815436740002,0.00029987085861118816,2.422081470489502,,
train_step,1100,180.48016231400106,0.00029984631573294195,2.394484043121338,,
train_step,1150,188.16510763800034,0.0002998196403790711,2.4241998195648193,,
train_step,1200,195.82857786900058,0.0002997908329714229,2.398261785507202,,
train_step,1250,203.49761745599972,0.0002997598939655609,2.3852310180664062,,
train_step,1300,211.16531034900072,0.00029972682385075844,2.323486328125,,
train_step,1350,218.83151051300047,0.0002996916231499901,2.2048494815826416,,
train_step,1400,226.4911267890002,0.000299654292419924,2.2394461631774902,,
train_step,1450,234.14353465800014,0.00029961483225091263,2.2172462940216064,,
train_step,1500,241.8004314560003,0.0002995732432669839,2.3129067420959473,,
eval,1500,241.8004314560003,0.0002995732432669839,,2.236219253540039,2.216433939933777
train_step,1550,253.96778380100113,0.0002995295261258309,2.138716220855713,,
train_step,1600,261.60630636800124,0.00029948368151880164,2.2644758224487305,,
train_step,1650,269.25276462500005,0.0002994357101708882,2.3116118907928467,,
train_step,1700,276.8988581250014,0.0002993856128407152,2.119905710220337,,
train_step,1750,284.54332358099964,0.0002993333903205277,2.054982900619507,,
train_step,1800,292.1796593150011,0.0002992790434361788,2.083395481109619,,
train_step,1850,299.81557331300064,0.0002992225730471167,2.0098049640655518,,
train_step,1900,307.4503995030009,0.0002991639800463707,2.284430503845215,,
train_step,1950,315.084226934001,0.0002991032653605375,2.1483683586120605,,
train_step,2000,322.7158635579999,0.00029904042994976636,2.1918976306915283,,
eval,2000,322.7158635579999,0.00029904042994976636,,2.0706963205337523,2.069763948917389
train_step,2050,335.1250455750014,0.00029897547480774395,2.034085750579834,,
train_step,2100,342.76069351000115,0.00029890840096167854,1.9867961406707764,,
train_step,2150,350.3885002679999,0.0002988392094722838,2.0331835746765137,,
train_step,2200,358.021553509001,0.0002987679014337623,2.0404109954833984,,
train_step,2250,365.6621494840001,0.00029869447797378773,2.08646297454834,,
train_step,2300,373.2912557039999,0.00029861894025348743,1.9805508852005005,,
train_step,2350,380.93289015400114,0.0002985412894674238,2.107531785964966,,
train_step,2400,388.57098386000143,0.0002984615268435757,2.0425865650177,,
train_step,2450,396.20716936700046,0.00029837965364331855,1.9133883714675903,,
train_step,2500,403.8330892419999,0.00029829567116140495,1.9500620365142822,,
eval,2500,403.8330892419999,0.00029829567116140495,,1.979625871181488,1.9655253624916076
train_step,2550,415.968641503001,0.00029820958072594386,1.9602816104888916,,
train_step,2600,423.5813236260001,0.0002981213836983796,1.9344291687011719,,
train_step,2650,431.20204123999974,0.00029803108147347037,2.0163190364837646,,
train_step,2700,438.825939458,0.00029793867547926636,1.8843357563018799,,
train_step,2750,446.44613310600107,0.00029784416717708675,1.8663840293884277,,
train_step,2800,454.06699146699975,0.0002977475580614972,1.9144662618637085,,
train_step,2850,461.6936888140008,0.00029764884966028567,1.830406904220581,,
train_step,2900,469.3139614850006,0.00029754804353443855,1.949937105178833,,
train_step,2950,476.9317786410011,0.00029744514127811575,1.8542841672897339,,
train_step,3000,484.571826712001,0.00029734014451862585,1.9491219520568848,,
eval,3000,484.571826712001,0.00029734014451862585,,1.9038705229759216,1.9146827125549317
train_step,3050,496.9241219120013,0.0002972330549164001,1.9083058834075928,,
train_step,3100,504.53944750899973,0.000297123874164966,1.8331799507141113,,
train_step,3150,512.1800114690013,0.000297012603990921,1.8800309896469116,,
train_step,3200,519.7961939830002,0.00029689924615390487,1.8423635959625244,,
train_step,3250,533.3882303990013,0.00029678380244657187,1.8505629301071167,,
train_step,3300,541.2674003350003,0.00029666627469456235,1.8854435682296753,,
train_step,3350,549.0212430580013,0.0002965466647564743,1.8502376079559326,,
train_step,3400,556.7555497320009,0.00029642497452383326,1.7936241626739502,,
train_step,3450,564.4836205390002,0.00029630120592106314,1.776301622390747,,
train_step,3500,572.1455465010004,0.0002961753609054553,1.8246033191680908,,
eval,3500,572.1455465010004,0.0002961753609054553,,1.8639610314369202,1.8700592803955078
train_step,3550,584.273874253,0.0002960474414671377,1.8774492740631104,,
train_step,3600,591.8839526730007,0.0002959174496290435,1.8093516826629639,,
train_step,3650,599.4914663840009,0.000295785387446879,1.7980005741119385,,
train_step,3700,607.1270905660003,0.00029565125700909133,1.8388328552246094,,
train_step,3750,614.7303795870012,0.000295515060436835,1.872267484664917,,
train_step,3800,622.3422218169999,0.0002953767998839388,1.9141836166381836,,
train_step,3850,629.9505316920004,0.0002952364775368715,1.8151965141296387,,
train_step,3900,637.5536410530003,0.0002950940956147074,1.8356281518936157,,
train_step,3950,645.1631427350003,0.00029494965636909105,1.790325403213501,,
train_step,4000,652.7708431560004,0.00029480316208420175,1.8245573043823242,,
eval,4000,652.7708431560004,0.00029480316208420175,,1.8100660490989684,1.8095888495445251
train_step,4050,665.3689990500006,0.0002946546150767175,1.8220548629760742,,
train_step,4100,672.973226297001,0.00029450401769577845,1.8088576793670654,,
train_step,4150,680.5808158729997,0.0002943513723229492,1.742546796798706,,
train_step,4200,688.1840526819997,0.00029419668137218197,1.8841428756713867,,
train_step,4250,695.786077144001,0.00029403994728977766,1.7665413618087769,,
train_step,4300,703.3891736320002,0.0002938811725543477,1.6895650625228882,,
train_step,4350,711.0183906900002,0.0002937203596767746,1.7874488830566406,,
train_step,4400,718.6246950580007,0.00029355751120017226,1.8254141807556152,,
train_step,4450,726.254687214001,0.0002933926296998457,1.6929924488067627,,
train_step,4500,733.8584303610005,0.00029322571778325063,1.7158018350601196,,
eval,4500,733.8584303610005,0.00029322571778325063,,1.7944577622413636,1.7784628558158875
train_step,4550,746.0028230860007,0.0002930567780899518,1.7949907779693604,,
train_step,4600,753.6158293150002,0.0002928858132915817,1.7951632738113403,,
train_step,4650,761.2156361939997,0.00029271282609179776,1.6494131088256836,,
train_step,4700,768.8231651990009,0.00029253781922624017,1.815035343170166,,
train_step,4750,776.4252028310002,0.0002923607954624881,1.7052929401397705,,
train_step,4800,784.0274374620003,0.00029218175760001655,1.7522480487823486,,
train_step,4850,791.6571782580013,0.0002920007084701514,1.821542501449585,,
train_step,4900,799.2594922560002,0.000291817650936025,1.7584490776062012,,
train_step,4950,806.8620911170001,0.000291632587892531,1.6439530849456787,,
train_step,5000,814.489168524,0.0002914455222662782,1.7245298624038696,,
eval,5000,814.489168524,0.0002914455222662782,,1.7441599512100219,1.7406304669380188
train_step,5050,826.7931344320004,0.00029125645701554476,1.8239398002624512,,
train_step,5100,834.3988828970014,0.0002910653951302308,1.7955352067947388,,
train_step,5150,842.003341869,0.00029087233963181173,1.7104930877685547,,
train_step,5200,849.6306112279999,0.00029067729357329006,1.6737489700317383,,
train_step,5250,857.2318180130005,0.00029048026003914725,1.8134443759918213,,
train_step,5300,864.8359110520014,0.000290281242145295,1.817108392715454,,
train_step,5350,872.4382836109999,0.0002900802430390259,1.6879385709762573,,
train_step,5400,880.0426377010008,0.0002898772658989636,1.8262205123901367,,
train_step,5450,887.6942143249998,0.00028967231393501274,1.7593801021575928,,
train_step,5500,895.3194612380012,0.00028946539038830787,1.7637673616409302,,
eval,5500,895.3194612380012,0.00028946539038830787,,1.7284284329414368,1.7368722867965698
train_step,5550,907.4357464020013,0.0002892564985311626,1.6823394298553467,,
train_step,5600,915.0354720440009,0.0002890456416670174,1.6758971214294434,,
train_step,5650,922.636329115001,0.00028883282313038784,1.8073793649673462,,
train_step,5700,930.2395001700006,0.00028861804628681144,1.6432275772094727,,
train_step,5750,937.885044816001,0.00028840131453279464,1.679419994354248,,
train_step,5800,945.4851156860004,0.00028818263129575916,1.7112449407577515,,
train_step,5850,953.1129931260002,0.0002879620000339876,1.8151741027832031,,
train_step,5900,960.7127456650014,0.00028773942423656885,1.7631213665008545,,
train_step,5950,968.3381320130011,0.000287514907423343,1.7603046894073486,,
train_step,6000,975.9390135480007,0.0002872884531448456,1.6363699436187744,,
eval,6000,975.9390135480007,0.0002872884531448456,,1.7094187664985656,1.6913655710220337
train_step,6050,988.2876254700004,0.0002870600649822514,1.7059240341186523,,
train_step,6100,995.8892168490001,0.0002868297465473179,1.675784707069397,,
train_step,6150,1003.4908948400007,0.00028659750148232814,1.7012038230895996,,
train_step,6200,1011.0893338090009,0.00028636333346003306,1.694256067276001,,
train_step,6250,1018.7126384069998,0.00028612724618359365,1.7948033809661865,,
train_step,6300,1026.3362932,0.000285889243386522,1.6209949254989624,,
train_step,6350,1033.9611839179997,0.0002856493288326225,1.6819831132888794,,
train_step,6400,1041.5666598019998,0.0002854075063159325,1.7329589128494263,,
train_step,6450,1049.1687589400008,0.00028516377966066183,1.7019760608673096,,
train_step,6500,1056.7683409410001,0.0002849181527211328,1.6113495826721191,,
eval,6500,1056.7683409410001,0.0002849181527211328,,1.6985613346099853,1.6773721861839295
train_step,6550,1068.9352268399998,0.0002846706293817189,1.7575814723968506,,
train_step,6600,1076.562069179001,0.00028442121355678356,1.6264464855194092,,
train_step,6650,1084.1616106220008,0.0002841699091906182,1.5962178707122803,,
train_step,6700,1091.7615366999999,0.00028391672025737994,1.6613152027130127,,
train_step,6750,1099.3618723470008,0.00028366165076102855,1.6714614629745483,,
train_step,6800,1106.9611738040003,0.0002834047047352632,1.6498239040374756,,
train_step,6850,1114.5573003640002,0.00028314588624345894,1.6714327335357666,,
train_step,6900,1122.1569780999998,0.00028288519937860203,1.6747902631759644,,
train_step,6950,1129.7576186900005,0.00028262264826322544,1.6706889867782593,,
train_step,7000,1137.359627007001,0.00028235823704934366,1.7679922580718994,,
eval,7000,1137.359627007001,0.00028235823704934366,,1.66429354429245,1.6739498472213745
train_step,7050,1149.724431898001,0.0002820919699183869,1.6427371501922607,,
train_step,7100,1157.34812737,0.00028182385108113526,1.606057047843933,,
train_step,7150,1164.9739706279997,0.00028155388477765173,1.676025390625,,
train_step,7200,1172.5749362860006,0.0002812820752772155,1.6531323194503784,,
train_step,7250,1180.202579408,0.0002810084268782542,1.5604331493377686,,
train_step,7300,1187.802237760001,0.0002807329439082761,1.6679036617279053,,
train_step,7350,1195.4043442889997,0.0002804556307238015,1.6998097896575928,,
train_step,7400,1203.026815395,0.000280176491710294,1.6673448085784912,,
train_step,7450,1210.6268238780012,0.000279895531282091,1.7136423587799072,,
train_step,7500,1218.2267373370014,0.0002796127538823341,1.567818284034729,,
eval,7500,1218.2267373370014,0.0002796127538823341,,1.6324873614311217,1.65875422000885
train_step,7550,1230.3404459550002,0.0002793281639828986,1.6703097820281982,,
train_step,7600,1237.9396481189997,0.00027904176608432293,1.6450457572937012,,
train_step,7650,1245.5410372570004,0.00027875356471573735,1.7148038148880005,,
train_step,7700,1253.146235225,0.00027846356443479253,1.6824027299880981,,
train_step,7750,1260.7449979760004,0.00027817176982758733,1.6028364896774292,,
train_step,7800,1268.3441608110006,0.0002778781855085961,1.6023443937301636,,
train_step,7850,1275.9422182320013,0.0002775828161205963,1.7298176288604736,,
train_step,7900,1283.5430325350007,0.0002772856663345943,1.7036041021347046,,
train_step,7950,1291.1433896920007,0.0002769867408497521,1.6230123043060303,,
train_step,8000,1298.7459124550005,0.0002766860443933127,1.6654613018035889,,
eval,8000,1298.7459124550005,0.0002766860443933127,,1.619929039478302,1.631819598674774
train_step,8050,1311.1223147620003,0.0002763835817205256,1.7197446823120117,,
train_step,8100,1318.7237926119997,0.00027607935761457124,1.718684434890747,,
train_step,8150,1326.3265907100013,0.0002757733768864859,1.5791354179382324,,
train_step,8200,1333.9290135890005,0.0002754656443750849,1.587304711341858,,
train_step,8250,1341.5306160100008,0.0002751561649468867,1.5959582328796387,,
train_step,8300,1349.1349076410006,0.00027484494349603575,1.5517371892929077,,
train_step,8350,1356.7646573860002,0.0002745319849442249,1.7346417903900146,,
train_step,8400,1364.3674303959997,0.00027421729424061787,1.5502991676330566,,
train_step,8450,1371.9704752690013,0.0002739008763617707,1.561978816986084,,
train_step,8500,1379.5726142010008,0.0002735827363115532,1.5269509553909302,,
eval,8500,1379.5726142010008,0.0002735827363115532,,1.6359739112854004,1.6097542333602906
train_step,8550,1391.69360461,0.00027326287912106997,1.6136709451675415,,
train_step,8600,1399.3225468270011,0.0002729413098485804,1.5585029125213623,,
train_step,8650,1406.9269320340009,0.00027261803357941916,1.6095619201660156,,
train_step,8700,1414.5277802400014,0.00027229305542591554,1.5614533424377441,,
train_step,8750,1422.129365734001,0.00027196638052731246,1.5640993118286133,,
train_step,8800,1429.7338577190003,0.00027163801404968567,1.5954270362854004,,
train_step,8850,1437.3356924939999,0.00027130796118586146,1.6611709594726562,,
train_step,8900,1444.937820508001,0.000270976227155335,1.4464490413665771,,
train_step,8950,1452.5432990640002,0.00027064281720418754,1.6337518692016602,,
train_step,9000,1460.1472780330005,0.0002703077366050036,1.6022714376449585,,
eval,9000,1460.1472780330005,0.0002703077366050036,,1.623468635082245,1.6149993705749512
train_step,9050,1472.4605623490006,0.0002699709906567875,1.5652570724487305,,
train_step,9100,1480.0600663100013,0.0002696325846848796,1.5810844898223877,,
train_step,9150,1487.659039524,0.0002692925240408721,1.69490647315979,,
train_step,9200,1495.2596951220003,0.0002689508141025242,1.5954961776733398,,
train_step,9250,1502.8593889830008,0.00026860746027367754,1.4893889427185059,,
train_step,9300,1510.457138019001,0.0002682624679841702,1.5453245639801025,,
train_step,9350,1518.0562168120014,0.0002679158426897512,1.5488780736923218,,
train_step,9400,1525.6540216070007,0.00026756758987199394,1.6039433479309082,,
train_step,9450,1533.2530540520002,0.00026721771503820983,1.643453598022461,,
train_step,9500,1540.8767325030003,0.00026686622372136103,1.5876737833023071,,
eval,9500,1540.8767325030003,0.00026686622372136103,,1.5960839343070985,1.6095993113517761
train_step,9550,1552.9814489210003,0.00026651312147997285,1.553307294845581,,
train_step,9600,1560.5806415770003,0.00026615841389804595,1.5046987533569336,,
train_step,9650,1568.1781838620009,0.00026580210658496816,1.528934121131897,,
train_step,9700,1575.777801532,0.0002654442051754255,1.5613011121749878,,
train_step,9750,1583.3781090060002,0.00026508471532931343,1.5856982469558716,,
train_step,9800,1590.977320580001,0.00026472364273164684,1.6102221012115479,,
train_step,9850,1598.576464459,0.0002643609930924707,1.5088841915130615,,
train_step,9900,1606.1760571200011,0.00026399677214676933,1.4551032781600952,,
train_step,9950,1613.7746322439998,0.00026363098565437604,1.5417320728302002,,
train_step,10000,1621.3734376869998,0.0002632636393998817,1.5194361209869385,,
eval,10000,1621.3734376869998,0.0002632636393998817,,1.58809730052948,1.5802140736579895
train_step,10050,1633.6724879080011,0.0002628947391925435,1.571035623550415,,
train_step,10100,1641.271625749001,0.0002625242908661932,1.634648323059082,,
train_step,10150,1648.8685041360004,0.00026215230027914447,1.5936211347579956,,
train_step,10200,1656.4694288339997,0.0002617787733141006,1.481572151184082,,
train_step,10250,1664.0692742570009,0.0002614037158780612,1.4983720779418945,,
train_step,10300,1671.6684915799997,0.0002610271339022291,1.6625428199768066,,
train_step,10350,1679.2676210270001,0.0002606490333419163,1.564339518547058,,
train_step,10400,1686.865710381,0.00026026942017644993,1.5548694133758545,,
train_step,10450,1694.4653800190008,0.00025988830040907755,1.7016347646713257,,
train_step,10500,1702.0636165670003,0.0002595056800668724,1.566023588180542,,
eval,10500,1702.0636165670003,0.0002595056800668724,,1.577307620048523,1.5682546305656433
train_step,10550,1714.164788289001,0.0002591215652006379,1.6133016347885132,,
train_step,10600,1721.7649897840001,0.00025873596188481204,1.4764381647109985,,
train_step,10650,1729.3638567360013,0.00025834887621737143,1.6094748973846436,,
train_step,10700,1736.9611991780002,0.0002579603143197347,1.475386381149292,,
train_step,10750,1744.5574979660014,0.00025757028233666575,1.4964354038238525,,
train_step,10800,1752.1549876050012,0.00025717878643617665,1.5191419124603271,,
train_step,10850,1759.7557066919999,0.0002567858328094299,1.6777124404907227,,
train_step,10900,1767.3538801900013,0.00025639142767064084,1.5270665884017944,,
train_step,10950,1774.9513519780012,0.0002559955772569791,1.5204626321792603,,
train_step,11000,1782.5509074689999,0.00025559828782846994,1.5561940670013428,,
eval,11000,1782.5509074689999,0.00025559828782846994,,1.5660277819633484,1.5720154547691345
train_step,11050,1794.8482308330003,0.0002551995656678956,1.5377066135406494,,
train_step,11100,1802.446538436001,0.0002547994170806955,1.55018150806427,,
train_step,11150,1810.0442583109998,0.0002543978483948669,1.5793169736862183,,
train_step,11200,1817.6437377560014,0.00025399486596086466,1.5612103939056396,,
train_step,11250,1825.2437526630001,0.00025359047615150065,1.5916521549224854,,
train_step,11300,1832.843240395001,0.0002531846853618434,1.4936593770980835,,
train_step,11350,1840.442654503,0.00025277750000911645,1.5481603145599365,,
train_step,11400,1848.0403648200008,0.0002523689265325973,1.5232110023498535,,
train_step,11450,1855.637990827001,0.0002519589713935153,1.5616393089294434,,
train_step,11500,1863.235981324,0.0002515476410749497,1.5158393383026123,,
eval,11500,1863.235981324,0.0002515476410749497,,1.5515031719207764,1.5560990786552429
train_step,11550,1875.3386889800004,0.00025113494208172684,1.4806708097457886,,
train_step,11600,1882.9374808780012,0.00025072088094031767,1.5697746276855469,,
train_step,11650,1890.5340655700002,0.00025030546419873396,1.5213871002197266,,
train_step,11700,1898.1325772440014,0.0002498886984264255,1.5503627061843872,,
train_step,11750,1905.7305534340012,0.00024947059021417556,1.5682734251022339,,
train_step,11800,1913.3286483440006,0.000249051146173997,1.5445363521575928,,
train_step,11850,1920.9262576370002,0.0002486303729390275,1.5892517566680908,,
train_step,11900,1928.5236045260008,0.000248208277163425,1.5962002277374268,,
train_step,11950,1936.120975152,0.0002477848655222621,1.5424983501434326,,
train_step,12000,1943.7191899400004,0.00024736014471142076,1.4498536586761475,,
eval,12000,1943.7191899400004,0.00024736014471142076,,1.5464267826080322,1.5535937809944154
train_step,12050,1956.0219780790012,0.00024693412144748616,1.5679583549499512,,
train_step,12100,1963.6216187930004,0.0002465068024676407,1.6446609497070312,,
train_step,12150,1971.2200413250011,0.0002460781945295574,1.5608351230621338,,
train_step,12200,1978.818792731001,0.000245648304411293,1.50235915184021,,
train_step,12250,1986.4183218119997,0.0002452171389111809,1.50498628616333,,
train_step,12300,1994.0409712250002,0.0002447847048477233,1.5147128105163574,,
train_step,12350,2001.640661761001,0.00024435100905948387,1.655935287475586,,
train_step,12400,2009.2398785550013,0.0002439160584049791,1.612553596496582,,
train_step,12450,2016.863562083001,0.0002434798597625703,1.51854407787323,,
train_step,12500,2024.4632288480007,0.0002430424200303545,1.5750466585159302,,
eval,12500,2024.4632288480007,0.0002430424200303545,,1.5470680022239685,1.5451782035827637
train_step,12550,2036.5727121199998,0.00024260374612605545,1.6326872110366821,,
train_step,12600,2044.1721437779997,0.00024216384498691436,1.5726478099822998,,
train_step,12650,2051.7716632890006,0.00024172272356957994,1.529271125793457,,
train_step,12700,2059.370934646,0.00024128038884999858,1.63852059841156,,
train_step,12750,2066.969795189001,0.00024083684782330404,1.4761998653411865,,
train_step,12800,2074.569293306,0.00024039210750370662,1.5752310752868652,,
train_step,12850,2082.1692983930006,0.0002399461749243825,1.5567373037338257,,
train_step,12900,2089.7668659419996,0.00023949905713736242,1.5427801609039307,,
train_step,12950,2097.3662108750013,0.00023905076121341997,1.5609537363052368,,
train_step,13000,2104.990099718001,0.0002386012942419601,1.5757818222045898,,
eval,13000,2104.990099718001,0.0002386012942419601,,1.5402135419845582,1.5435885715484619
train_step,13050,2117.284405491,0.00023815066333090677,1.4984771013259888,,
train_step,13100,2124.883840634,0.00023769887560659065,1.4376282691955566,,
train_step,13150,2132.482705866001,0.00023724593821363636,1.580489993095398,,
train_step,13200,2140.0812386449998,0.00023679185831484956,1.5306823253631592,,
train_step,13250,2147.680493299,0.00023633664309110358,1.5217058658599854,,
train_step,13300,2155.2788265990002,0.00023588029974122598,1.5288217067718506,,
train_step,13350,2162.8761554350003,0.00023542283548188452,1.48781156539917,,
train_step,13400,2170.471876658001,0.00023496425754747333,1.512948751449585,,
train_step,13450,2178.0715207210014,0.00023450457318999817,1.5179967880249023,,
train_step,13500,2185.668594269,0.00023404378967896197,1.5711729526519775,,
eval,13500,2185.668594269,0.00023404378967896197,,1.5175534629821776,1.5285283875465394
train_step,13550,2197.774220950001,0.00023358191430124985,1.512204647064209,,
train_step,13600,2205.372347620001,0.00023311895436101373,1.5290603637695312,,
train_step,13650,2212.970139465,0.00023265491717955707,1.529012680053711,,
train_step,13700,2220.568133146,0.0002321898100952188,1.5702234506607056,,
train_step,13750,2228.167675064,0.00023172364046325755,1.4728848934173584,,
train_step,13800,2235.7660427339997,0.00023125641565573514,1.4946550130844116,,
train_step,13850,2243.3641943090006,0.00023078814306140005,1.5325336456298828,,
train_step,13900,2250.960873625001,0.00023031883008557062,1.5467815399169922,,
train_step,13950,2258.5617916050014,0.0002298484841500179,1.5794155597686768,,
train_step,14000,2266.1629102330007,0.00022937711269284825,1.512075662612915,,
eval,14000,2266.1629102330007,0.00022937711269284825,,1.5056751203536987,1.5157348728179931
train_step,14050,2278.5084882749998,0.00022890472316838584,1.5605032444000244,,
train_step,14100,2286.1066267610004,0.00022843132304705457,1.5016231536865234,,
train_step,14150,2293.7048566660014,0.0002279569198152601,1.5494892597198486,,
train_step,14200,2301.3035709840005,0.00022748152097527133,1.6357043981552124,,
train_step,14250,2308.902075146001,0.00022700513404510196,1.5127692222595215,,
train_step,14300,2316.4991509770007,0.0002265277665583914,1.5345728397369385,,
train_step,14350,2324.0980576250004,0.00022604942606428558,1.4929063320159912,,
train_step,14400,2331.696998700001,0.00022557012012731784,1.6052279472351074,,
train_step,14450,2339.2958887160003,0.00022508985632728912,1.546006679534912,,
train_step,14500,2346.8971295869997,0.00022460864225914807,1.4943797588348389,,
eval,14500,2346.8971295869997,0.00022460864225914807,,1.5130002808570862,1.5261060833930968
train_step,14550,2359.0072476650002,0.00022412648553287102,1.5138955116271973,,
train_step,14600,2366.6050952140013,0.00022364339377334158,1.4063632488250732,,
train_step,14650,2374.201686593,0.00022315937462023016,1.5207726955413818,,
train_step,14700,2381.802882328,0.00022267443572787302,1.639892578125,,
train_step,14750,2389.399094949,0.0002221885847651513,1.620600700378418,,
train_step,14800,2396.9963500190006,0.00022170182941536962,1.490616798400879,,
train_step,14850,2404.5942011100014,0.00022121417737613498,1.5902180671691895,,
train_step,14900,2412.1928892450014,0.00022072563635923444,1.5192724466323853,,
train_step,14950,2419.7923206289997,0.00022023621409051356,1.5127259492874146,,
train_step,15000,2427.390385423001,0.00021974591830975414,1.5829596519470215,,
eval,15000,2427.390385423001,0.00021974591830975414,,1.493387131690979,1.5127812576293946
train_step,15050,2439.6937998330013,0.0002192547567705518,1.545104742050171,,
train_step,15100,2447.2928999450014,0.00021876273724019332,1.5520401000976562,,
train_step,15150,2454.891442022001,0.00021826986749953393,1.4952058792114258,,
train_step,15200,2462.488499967001,0.00021777615534287415,1.4925363063812256,,
train_step,15250,2470.086942303,0.00021728160857783653,1.5460081100463867,,
train_step,15300,2477.685212478,0.00021678623502524222,1.5260872840881348,,
train_step,15350,2485.2837070490004,0.00021629004251898736,1.4725104570388794,,
train_step,15400,2492.8812078440005,0.00021579303890591905,1.5409752130508423,,
train_step,15450,2500.479434078001,0.00021529523204571137,1.4912052154541016,,
train_step,15500,2508.078056868,0.000214796629810741,1.3655927181243896,,
eval,15500,2508.078056868,0.000214796629810741,,1.5047164392471313,1.495701503753662
train_step,15550,2520.1760904580005,0.00021429724008596287,1.445730209350586,,
train_step,15600,2527.773928433,0.0002137970707687852,1.5919499397277832,,
train_step,15650,2535.3724063600002,0.00021329612976894494,1.5120394229888916,,
train_step,15700,2542.970965022001,0.00021279442500838242,1.4960297346115112,,
train_step,15750,2550.5702621830005,0.00021229196442111624,1.5555614233016968,,
train_step,15800,2558.1653135470006,0.00021178875595311768,1.4330995082855225,,
train_step,15850,2565.7630066560014,0.0002112848075621851,1.5488543510437012,,
train_step,15900,2573.361479821,0.0002107801272178181,1.4503816366195679,,
train_step,15950,2580.9597640620013,0.0002102747229010915,1.5733678340911865,,
train_step,16000,2588.555304402,0.00020976860260452914,1.5022904872894287,,
eval,16000,2588.555304402,0.00020976860260452914,,1.4881243896484375,1.4987667179107667
train_step,16050,2600.900526894,0.00020926177433197728,1.5316022634506226,,
train_step,16100,2608.4976442080006,0.00020875424609847836,1.4394828081130981,,
train_step,16150,2616.093983166,0.0002082460259301441,1.4828569889068604,,
train_step,16200,2623.692610989001,0.00020773712186402846,1.4370226860046387,,
train_step,16250,2631.290423350001,0.00020722754194800065,1.5170854330062866,,
train_step,16300,2638.887337319,0.00020671729424061788,1.430178165435791,,
train_step,16350,2646.4849697910013,0.0002062063868109979,1.6107474565505981,,
train_step,16400,2654.081712250001,0.0002056948277386914,1.5571231842041016,,
train_step,16450,2661.677844351001,0.0002051826251135542,1.5364477634429932,,
train_step,16500,2669.2802412790006,0.0002046697870356193,1.5139970779418945,,
eval,16500,2669.2802412790006,0.0002046697870356193,,1.4886815810203553,1.4832320737838744
train_step,16550,2681.380931032001,0.00020415632161496888,1.4681048393249512,,
train_step,16600,2688.9805663360003,0.00020364223697160602,1.4389327764511108,,
train_step,16650,2696.5787573979997,0.0002031275412353262,1.5323104858398438,,
train_step,16700,2704.177585243,0.0002026122425455888,1.5078593492507935,,
train_step,16750,2711.775173338001,0.00020209634905138835,1.3775428533554077,,
train_step,16800,2719.3736859600012,0.00020157986891112585,1.520167589187622,,
train_step,16850,2726.970716701,0.00020106281029247947,1.4150617122650146,,
train_step,16900,2734.5704730340003,0.00020054518137227535,1.5487689971923828,,
train_step,16950,2742.166879974,0.00020002699033635872,1.5892990827560425,,
train_step,17000,2749.76599405,0.00019950824537946405,1.43831205368042,,
eval,17000,2749.76599405,0.00019950824537946405,,1.4886594200134278,1.4921314811706543
train_step,17050,2762.0610424280003,0.00019898895470508562,1.4672094583511353,,
train_step,17100,2769.659789915,0.00019846912652534765,1.4743375778198242,,
train_step,17150,2777.2584226590006,0.00019794876906087464,1.409008264541626,,
train_step,17200,2784.8559176180006,0.00019742789054066123,1.6326911449432373,,
train_step,17250,2792.453822177,0.00019690649920194213,1.5025869607925415,,
train_step,17300,2800.051034395001,0.00019638460329006173,1.3940420150756836,,
train_step,17350,2807.650044342001,0.0001958622110583439,1.477439522743225,,
train_step,17400,2815.2457812909997,0.0001953393307679613,1.4253934621810913,,
train_step,17450,2822.843744863001,0.00019481597068780486,1.4172981977462769,,
train_step,17500,2830.4416813490006,0.00019429213909435291,1.4439316987991333,,
eval,17500,2830.4416813490006,0.00019429213909435291,,1.4849786257743836,1.4831380224227906
train_step,17550,2842.5487033300014,0.00019376784427154042,1.3986363410949707,,
train_step,17600,2850.1480072840004,0.00019324309451062782,1.5035595893859863,,
train_step,17650,2857.7462694490005,0.00019271789811007003,1.5576494932174683,,
train_step,17700,2865.344663494001,0.0001921922633753853,1.6554538011550903,,
train_step,17750,2872.9424395690003,0.00019166619861902358,1.5134680271148682,,
train_step,17800,2880.5398403340005,0.0001911397121602353,1.447582721710205,,
train_step,17850,2888.137210545001,0.0001906128123249397,1.4298754930496216,,
train_step,17900,2895.7354920920006,0.00019008550744559335,1.4780899286270142,,
train_step,17950,2903.3343208020015,0.00018955780586105806,1.484941005706787,,
train_step,18000,2910.933320589,0.0001890297159164693,1.4126969575881958,,
eval,18000,2910.933320589,0.0001890297159164693,,1.4795381093025208,1.4891908431053162
train_step,18050,2923.228017651001,0.00018850124596310393,1.4292802810668945,,
train_step,18100,2930.827546912,0.0001879724043582486,1.509840488433838,,
train_step,18150,2938.4266710110005,0.0001874431994650671,1.4151332378387451,,
train_step,18200,2946.025666763,0.00018691363965246837,1.4984713792800903,,
train_step,18250,2953.624607920001,0.000186383733294974,1.570216178894043,,
train_step,18300,2961.224169012001,0.000185853488772586,1.5202338695526123,,
train_step,18350,2968.823705443001,0.00018532291447065417,1.4995250701904297,,
train_step,18400,2976.42113359,0.0001847920187797434,1.4859918355941772,,
train_step,18450,2984.0201235170007,0.000184260810095501,1.4926702976226807,,
train_step,18500,2991.6182828750007,0.0001837292968185242,1.4360682964324951,,
eval,18500,2991.6182828750007,0.0001837292968185242,,1.472843599319458,1.4832204151153565
train_step,18550,3003.7210040460013,0.0001831974873542269,1.5341465473175049,,
train_step,18600,3011.321294472,0.0001826653901127071,1.4844468832015991,,
train_step,18650,3018.9187028859997,0.00018213301350861357,1.4836640357971191,,
train_step,18700,3026.518365629001,0.00018160036596101306,1.4214551448822021,,
train_step,18750,3034.1152366839997,0.00018106745589325713,1.417940378189087,,
train_step,18800,3041.7133315640003,0.0001805342917328487,1.4702837467193604,,
train_step,18850,3049.3125612530002,0.00018000088191130905,1.4195802211761475,,
train_step,18900,3056.9105489480007,0.00017946723486404428,1.4535706043243408,,
train_step,18950,3064.507352402001,0.0001789333590302121,1.3739798069000244,,
train_step,19000,3072.106815993,0.00017839926285258828,1.5520159006118774,,
eval,19000,3072.106815993,0.00017839926285258828,,1.4580879735946655,1.4649274778366088
train_step,19050,3084.3964899600014,0.00017786495477743305,1.530898928642273,,
train_step,19100,3091.9935093050008,0.00017733044325435774,1.5424318313598633,,
train_step,19150,3099.5905471180013,0.00017679573673619082,1.4173965454101562,,
train_step,19200,3107.189279589,0.00017626084367884466,1.5475523471832275,,
train_step,19250,3114.786351206001,0.00017572577254118142,1.3966165781021118,,
train_step,19300,3122.3847430530004,0.0001751905317848796,1.5468077659606934,,
train_step,19350,3129.982945863001,0.00017465512987429983,1.4198040962219238,,
train_step,19400,3137.580726753,0.00017411957527635157,1.4645202159881592,,
train_step,19450,3145.1780950210014,0.00017358387646035863,1.5002377033233643,,
train_step,19500,3152.776610617,0.00017304804189792564,1.4140809774398804,,
eval,19500,3152.776610617,0.00017304804189792564,,1.468017966747284,1.4611220812797547
train_step,19550,3164.883505957001,0.00017251208006280393,1.508037805557251,,
train_step,19600,3172.482431698001,0.0001719759994307574,1.3027735948562622,,
train_step,19650,3180.0812919950004,0.0001714398084794288,1.4292926788330078,,
train_step,19700,3187.6823758440005,0.00017090351568820538,1.354055404663086,,
train_step,19750,3195.280941037001,0.00017036712953808497,1.4412035942077637,,
train_step,19800,3202.8789666890007,0.00016983065851154165,1.4338946342468262,,
train_step,19850,3210.4745838850013,0.00016929411109239191,1.4663337469100952,,
train_step,19900,3218.097281528,0.00016875749576566028,1.4791507720947266,,
train_step,19950,3225.696562403,0.0001682208210174451,1.4245846271514893,,
train_step,20000,3233.2950931880005,0.00016768409533478445,1.3997725248336792,,
eval,20000,3233.2950931880005,0.00016768409533478445,,1.4543500876426696,1.4683819246292114
train_step,20050,3245.643825741001,0.00016714732720552196,1.4884942770004272,,
train_step,20100,3253.2427256890005,0.00016661052511817248,1.3961186408996582,,
train_step,20150,3260.839765134,0.0001660736975617878,1.521470546722412,,
train_step,20200,3268.4374824610004,0.0001655368530258226,1.3831560611724854,,
train_step,20250,3276.036130497001,0.00016499999999999997,1.3545305728912354,,
train_step,20300,3283.6343556620013,0.00016446314697417738,1.4750967025756836,,
train_step,20350,3291.234373401001,0.00016392630243821217,1.578399658203125,,
train_step,20400,3298.831164931,0.00016338947488182752,1.3918828964233398,,
train_step,20450,3306.427979850001,0.00016285267279447799,1.4141552448272705,,
train_step,20500,3314.025515055,0.0001623159046652155,1.320726752281189,,
eval,20500,3314.025515055,0.0001623159046652155,,1.460716416835785,1.4511507439613343
train_step,20550,3326.1276958870003,0.00016177917898255488,1.4436495304107666,,
train_step,20600,3333.724424363001,0.0001612425042343397,1.4962162971496582,,
train_step,20650,3341.3216272050013,0.00016070588890760803,1.4358937740325928,,
train_step,20700,3348.920780194001,0.00016016934148845832,1.489027738571167,,
train_step,20750,3356.5208717160003,0.00015963287046191502,1.5116701126098633,,
train_step,20800,3364.1191091950004,0.0001590964843117946,1.409243106842041,,
train_step,20850,3371.7177294840003,0.00015856019152057118,1.4157474040985107,,
train_step,20900,3379.3161958930013,0.00015802400056924256,1.540055274963379,,
train_step,20950,3386.9149429460012,0.00015748791993719605,1.4420645236968994,,
train_step,21000,3394.5129994050003,0.0001569519581020743,1.3372548818588257,,
eval,21000,3394.5129994050003,0.0001569519581020743,,1.4452065134048462,1.4537962198257446
train_step,21050,3406.815099130001,0.00015641612353964131,1.5312209129333496,,
train_step,21100,3414.4126092200004,0.00015588042472364837,1.5112552642822266,,
train_step,21150,3422.0111169810007,0.00015534487012570008,1.4172896146774292,,
train_step,21200,3429.6084009470014,0.0001548094682151204,1.4330487251281738,,
train_step,21250,3437.204819665001,0.00015427422745881852,1.4247695207595825,,
train_step,21300,3444.804712718,0.00015373915632115533,1.4901692867279053,,
train_step,21350,3452.402540125,0.00015320426326380916,1.5223662853240967,,
train_step,21400,3459.9986355010005,0.00015266955674564226,1.477540135383606,,
train_step,21450,3467.596791088001,0.00015213504522256687,1.3409218788146973,,
train_step,21500,3475.194721307,0.00015160073714741169,1.4476267099380493,,
eval,21500,3475.194721307,0.00015160073714741169,,1.4371795201301574,1.4500861644744873
train_step,21550,3487.2978120320004,0.00015106664096978785,1.403416633605957,,
train_step,21600,3494.8944794730014,0.00015053276513595572,1.3836238384246826,,
train_step,21650,3502.4924650020002,0.00014999911808869095,1.5017943382263184,,
train_step,21700,3510.090042265001,0.00014946570826715125,1.4449586868286133,,
train_step,21750,3517.688564782,0.00014893254410674285,1.5202094316482544,,
train_step,21800,3525.2874139570013,0.00014839963403898688,1.314424753189087,,
train_step,21850,3532.88663015,0.00014786698649138643,1.4125571250915527,,
train_step,21900,3540.4853015030003,0.00014733460988729293,1.4141391515731812,,
train_step,21950,3548.084336295,0.00014680251264577305,1.3455127477645874,,
train_step,22000,3555.6830850650003,0.0001462707031814758,1.4447801113128662,,
eval,22000,3555.6830850650003,0.0001462707031814758,,1.4372883677482604,1.4339403367042542
train_step,22050,3567.9795784899998,0.00014573918990449895,1.4692189693450928,,
train_step,22100,3575.5804502910014,0.00014520798122025656,1.4974370002746582,,
train_step,22150,3583.17904368,0.0001446770855293458,1.455237865447998,,
train_step,22200,3590.776765343,0.00014414651122741392,1.4657788276672363,,
train_step,22250,3598.3742409590013,0.00014361626670502599,1.4061212539672852,,
train_step,22300,3605.970126473001,0.00014308636034753163,1.4462130069732666,,
train_step,22350,3613.5661446390004,0.00014255680053493287,1.434814691543579,,
train_step,22400,3621.1662716970004,0.00014202759564175136,1.419792652130127,,
train_step,22450,3628.7630240670005,0.00014149875403689604,1.3686432838439941,,
train_step,22500,3636.360798302001,0.00014097028408353076,1.4257934093475342,,
eval,22500,3636.360798302001,0.00014097028408353076,,1.4444629740715027,1.4420587182044984
train_step,22550,3648.4660811579997,0.0001404421941389419,1.4353702068328857,,
train_step,22600,3656.0652927690007,0.0001399144925544066,1.446686029434204,,
train_step,22650,3663.6634163320014,0.00013938718767506024,1.5658276081085205,,
train_step,22700,3671.2625462230008,0.00013886028783976467,1.3291897773742676,,
train_step,22750,3678.860221146,0.00013833380138097634,1.4318609237670898,,
train_step,22800,3686.457149904001,0.00013780773662461465,1.4491119384765625,,
train_step,22850,3694.0538513230003,0.0001372821018899299,1.4132211208343506,,
train_step,22900,3701.741774964001,0.00013675690548937218,1.4254608154296875,,
train_step,22950,3709.380933143,0.0001362321557284596,1.478655219078064,,
train_step,23000,3717.1031104539998,0.00013570786090564703,1.4577133655548096,,
eval,23000,3717.1031104539998,0.00013570786090564703,,1.4115502524375916,1.4236687684059144
train_step,23050,3729.6074208570008,0.00013518402931219514,1.5339634418487549,,
train_step,23100,3737.2319095680014,0.00013466066923203864,1.4005310535430908,,
train_step,23150,3744.971910282,0.00013413778894165608,1.4954476356506348,,
train_step,23200,3752.783195983,0.00013361539670993824,1.4826865196228027,,
train_step,23250,3760.6502913620006,0.00013309350079805782,1.4856332540512085,,
train_step,23300,3768.4443847380007,0.00013257210945933872,1.4446436166763306,,
train_step,23350,3776.259259956001,0.00013205123093912533,1.3994885683059692,,
train_step,23400,3784.0293398840004,0.0001315308734746523,1.475415825843811,,
train_step,23450,3791.809044540001,0.00013101104529491435,1.4347479343414307,,
train_step,23500,3799.4491085320005,0.00013049175462053592,1.5131460428237915,,
eval,23500,3799.4491085320005,0.00013049175462053592,,1.4309749865531922,1.424461646080017
train_step,23550,3811.6260164570012,0.00012997300966364125,1.4124706983566284,,
train_step,23600,3819.238103865,0.00012945481862772465,1.4102764129638672,,
train_step,23650,3826.8410102300004,0.00012893718970752053,1.3501099348068237,,
train_step,23700,3834.4371873220007,0.0001284201310888741,1.4250476360321045,,
train_step,23750,3842.032731931,0.00012790365094861157,1.4638333320617676,,
train_step,23800,3849.6296209089996,0.00012738775745441122,1.4344501495361328,,
train_step,23850,3857.227056377,0.00012687245876467378,1.4574494361877441,,
train_step,23900,3864.822560423001,0.00012635776302839392,1.5046021938323975,,
train_step,23950,3872.419204592001,0.0001258436783850311,1.3266167640686035,,
train_step,24000,3880.016161323001,0.00012533021296438066,1.4230376482009888,,
eval,24000,3880.016161323001,0.00012533021296438066,,1.4129844784736634,1.4376507711410522
train_step,24050,3892.353587763,0.00012481737488644577,1.380694031715393,,
train_step,24100,3899.9503600280004,0.00012430517226130858,1.3823604583740234,,
train_step,24150,3907.5495641630005,0.00012379361318900204,1.554905652999878,,
train_step,24200,3915.1454939760006,0.00012328270575938212,1.3513469696044922,,
train_step,24250,3922.744070547,0.00012277245805199935,1.3836584091186523,,
train_step,24300,3930.3418174400013,0.0001222628781359715,1.3752434253692627,,
train_step,24350,3937.9396191900014,0.00012175397406985586,1.3956284523010254,,
train_step,24400,3945.537494788001,0.00012124575390152154,1.3674826622009277,,
train_step,24450,3953.136011756,0.00012073822566802269,1.4986870288848877,,
train_step,24500,3960.733057876001,0.00012023139739547084,1.3785088062286377,,
eval,24500,3960.733057876001,0.00012023139739547084,,1.4069474172592162,1.4381600284576417
train_step,24550,3972.8331072670007,0.00011972527709890843,1.4170541763305664,,
train_step,24600,3980.4321189170005,0.00011921987278218185,1.384253740310669,,
train_step,24650,3988.0318977630013,0.00011871519243781487,1.4458085298538208,,
train_step,24700,3995.6305666730004,0.00011821124404688227,1.4918112754821777,,
train_step,24750,4003.2289804990014,0.00011770803557888372,1.3529760837554932,,
train_step,24800,4010.8270549380013,0.00011720557499161751,1.3846173286437988,,
train_step,24850,4018.424640383,0.00011670387023105505,1.3166537284851074,,
train_step,24900,4026.024098377,0.00011620292923121473,1.4211523532867432,,
train_step,24950,4033.622151957001,0.00011570275991403706,1.4431198835372925,,
train_step,25000,4041.22084328,0.00011520337018925894,1.419050693511963,,
eval,25000,4041.22084328,0.00011520337018925894,,1.4211914110183717,1.4156098937988282
train_step,25050,4053.5547531230004,0.00011470476795428856,1.4777514934539795,,
train_step,25100,4061.1529758610013,0.00011420696109408092,1.412813425064087,,
train_step,25150,4068.753948540001,0.0001137099574810126,1.3901335000991821,,
train_step,25200,4076.3546245340003,0.00011321376497475773,1.4963600635528564,,
train_step,25250,4083.955040644001,0.00011271839142216348,1.4175368547439575,,
train_step,25300,4091.5530882149997,0.00011222384465712583,1.3672771453857422,,
train_step,25350,4099.152390894,0.00011173013250046598,1.3960895538330078,,
train_step,25400,4106.752320595,0.00011123726275980662,1.4297765493392944,,
train_step,25450,4114.351383684001,0.00011074524322944815,1.3883135318756104,,
train_step,25500,4121.951283940001,0.00011025408169024584,1.378454566001892,,
eval,25500,4121.951283940001,0.00011025408169024584,,1.4169537782669068,1.4281281685829164
train_step,25550,4134.056251638001,0.0001097637859094864,1.4236047267913818,,
train_step,25600,4141.656255479,0.00010927436364076551,1.473473072052002,,
train_step,25650,4149.257532216001,0.000108785822623865,1.455317497253418,,
train_step,25700,4156.858456425001,0.00010829817058463031,1.3758506774902344,,
train_step,25750,4164.462161402,0.00010781141523484874,1.2911925315856934,,
train_step,25800,4172.061645607,0.00010732556427212697,1.3834336996078491,,
train_step,25850,4179.662146239001,0.00010684062537976978,1.4545602798461914,,
train_step,25900,4187.261950013,0.0001063566062266584,1.3873430490493774,,
train_step,25950,4194.861857172,0.00010587351446712894,1.489158272743225,,
train_step,26000,4202.461345297001,0.00010539135774085187,1.463681697845459,,
eval,26000,4202.461345297001,0.00010539135774085187,,1.4150507497787475,1.4162270164489745
train_step,26050,4214.811343455001,0.00010491014367271084,1.3763539791107178,,
train_step,26100,4222.409450958001,0.00010442987987268209,1.429941177368164,,
train_step,26150,4230.008837265001,0.0001039505739357144,1.3867056369781494,,
train_step,26200,4237.607995685001,0.00010347223344160857,1.4124643802642822,,
train_step,26250,4245.208619311001,0.00010299486595489794,1.4226133823394775,,
train_step,26300,4252.808308598,0.00010251847902472861,1.3274623155593872,,
train_step,26350,4260.40494658,0.00010204308018473986,1.4293746948242188,,
train_step,26400,4268.003997232001,0.00010156867695294539,1.4077564477920532,,
train_step,26450,4275.602834234001,0.00010109527683161409,1.5011661052703857,,
train_step,26500,4283.201506262001,0.00010062288730715169,1.4038605690002441,,
eval,26500,4283.201506262001,0.00010062288730715169,,1.4062283396720887,1.4161202216148376
train_step,26550,4295.306298653,0.00010015151584998203,1.4275151491165161,,
train_step,26600,4302.904492351001,9.968116991442935e-05,1.467358112335205,,
train_step,26650,4310.504286593001,9.92118569385999e-05,1.4277442693710327,,
train_step,26700,4318.101662348001,9.874358434426484e-05,1.4452918767929077,,
train_step,26750,4325.700414243001,9.82763595367424e-05,1.4788057804107666,,
train_step,26800,4333.299536628001,9.781018990478119e-05,1.3298401832580566,,
train_step,26850,4340.897425453,9.734508282044291e-05,1.3590936660766602,,
train_step,26900,4348.495051933001,9.688104563898621e-05,1.3799787759780884,,
train_step,26950,4356.093376594001,9.641808569875015e-05,1.4344489574432373,,
train_step,27000,4363.692603653,9.5956210321038e-05,1.3412480354309082,,
eval,27000,4363.692603653,9.5956210321038e-05,,1.396620728969574,1.406450650691986
train_step,27050,4376.043356637001,9.549542681000184e-05,1.416351318359375,,
train_step,27100,4383.641990157001,9.503574245252665e-05,1.3886369466781616,,
train_step,27150,4391.240315018,9.457716451811541e-05,1.4248406887054443,,
train_step,27200,4398.838785958,9.411970025877399e-05,1.3512595891952515,,
train_step,27250,4406.436945862,9.366335690889635e-05,1.3867539167404175,,
train_step,27300,4414.033874568,9.320814168515035e-05,1.5208897590637207,,
train_step,27350,4421.631692602001,9.275406178636357e-05,1.3956180810928345,,
train_step,27400,4429.229853803001,9.230112439340928e-05,1.3145947456359863,,
train_step,27450,4436.828416347,9.184933666909319e-05,1.412708044052124,,
train_step,27500,4444.427120213,9.139870575803985e-05,1.409119725227356,,
eval,27500,4444.427120213,9.139870575803985e-05,,1.3953473210334777,1.3937161302566528
train_step,27550,4456.532371200001,9.094923878657996e-05,1.3619823455810547,,
train_step,27600,4464.131552445,9.050094286263755e-05,1.3835318088531494,,
train_step,27650,4471.729519106,9.005382507561746e-05,1.3221490383148193,,
train_step,27700,4479.327959531001,8.960789249629334e-05,1.3970534801483154,,
train_step,27750,4486.926271755001,8.916315217669595e-05,1.3735212087631226,,
train_step,27800,4494.52334921,8.871961115000136e-05,1.3563926219940186,,
train_step,27850,4502.120971663,8.827727643042005e-05,1.335289716720581,,
train_step,27900,4509.716638651,8.783615501308561e-05,1.420274257659912,,
train_step,27950,4517.311089864001,8.739625387394452e-05,1.3576629161834717,,
train_step,28000,4524.909693106001,8.695757996964548e-05,1.3732256889343262,,
eval,28000,4524.909693106001,8.695757996964548e-05,,1.3969152450561524,1.3989102053642273
train_step,28050,4537.204499002,8.652014023742967e-05,1.34182870388031,,
train_step,28100,4544.803687647001,8.608394159502089e-05,1.3882957696914673,,
train_step,28150,4552.402092691,8.564899094051613e-05,1.4113616943359375,,
train_step,28200,4560.000722158,8.521529515227663e-05,1.4860010147094727,,
train_step,28250,4567.600359667,8.478286108881909e-05,1.3488744497299194,,
train_step,28300,4575.281933125001,8.435169558870692e-05,1.5106544494628906,,
train_step,28350,4582.956761522,8.39218054704426e-05,1.3458704948425293,,
train_step,28400,4590.558930424,8.349319753235928e-05,1.3800334930419922,,
train_step,28450,4598.163929672,8.30658785525138e-05,1.3019030094146729,,
train_step,28500,4605.768262742,8.26398552885792e-05,1.44173002243042,,
eval,28500,4605.768262742,8.26398552885792e-05,,1.3808994722366332,1.4117825627326965
train_step,28550,4617.878950241,8.221513447773781e-05,1.443465232849121,,
train_step,28600,4625.481315311001,8.179172283657494e-05,1.396706461906433,,
train_step,28650,4633.085910342001,8.136962706097244e-05,1.3571114540100098,,
train_step,28700,4640.687927941,8.094885382600297e-05,1.3554048538208008,,
train_step,28750,4648.291023811,8.052940978582442e-05,1.412333607673645,,
train_step,28800,4655.938520258,8.011130157357448e-05,1.3419914245605469,,
train_step,28850,4663.718632706001,7.9694535801266e-05,1.3738142251968384,,
train_step,28900,4671.423843157001,7.927911905968236e-05,1.3944265842437744,,
train_step,28950,4679.169937394001,7.886505791827311e-05,1.3468868732452393,,
train_step,29000,4686.953334510001,7.845235892505031e-05,1.378220796585083,,
eval,29000,4686.953334510001,7.845235892505031e-05,,1.3862733101844789,1.4031671452522279
train_step,29050,4699.633236249001,7.804102860648469e-05,1.3436659574508667,,
train_step,29100,4707.378712588001,7.763107346740268e-05,1.3107225894927979,,
train_step,29150,4715.045710744,7.722249999088355e-05,1.4127905368804932,,
train_step,29200,4722.812646760001,7.681531463815658e-05,1.37998366355896,,
train_step,29250,4730.525367128001,7.640952384849932e-05,1.3538248538970947,,
train_step,29300,4738.296172916,7.600513403913533e-05,1.3724219799041748,,
train_step,29350,4746.033637027,7.560215160513303e-05,1.4052677154541016,,
train_step,29400,4753.834752635001,7.520058291930449e-05,1.3334622383117676,,
train_step,29450,4761.651482638001,7.48004343321044e-05,1.3537606000900269,,
train_step,29500,4769.374512016,7.440171217153001e-05,1.397650957107544,,
eval,29500,4769.374512016,7.440171217153001e-05,,1.3858371543884278,1.3871941471099853
train_step,29550,4781.769889009001,7.400442274302089e-05,1.3082088232040405,,
train_step,29600,4789.45947365,7.36085723293591e-05,1.4285271167755127,,
train_step,29650,4797.247706735001,7.321416719057006e-05,1.381401538848877,,
train_step,29700,4805.070951179001,7.282121356382332e-05,1.3232275247573853,,
train_step,29750,4812.843963342,7.242971766333419e-05,1.2775715589523315,,
train_step,29800,4820.626357726,7.203968568026529e-05,1.3472025394439697,,
train_step,29850,4828.4479415840015,7.165112378262858e-05,1.356484055519104,,
train_step,29900,4836.236221724001,7.126403811518795e-05,1.4166953563690186,,
train_step,29950,4843.946072296001,7.087843479936213e-05,1.387939691543579,,
train_step,30000,4851.765507566,7.049431993312759e-05,1.357246994972229,,
eval,30000,4851.765507566,7.049431993312759e-05,,1.3749169421195984,1.3814007067680358
train_step,30050,4864.472731171001,7.011169959092242e-05,1.4455540180206299,,
train_step,30100,4872.36951251,6.973057982355004e-05,1.3037869930267334,,
train_step,30150,4880.152982475001,6.935096665808365e-05,1.3433244228363037,,
train_step,30200,4887.960015800001,6.897286609777088e-05,1.368321418762207,,
train_step,30250,4895.8475698170005,6.859628412193878e-05,1.4141795635223389,,
train_step,30300,4903.636992125001,6.822122668589943e-05,1.4571305513381958,,
train_step,30350,4911.309522132,6.784769972085549e-05,1.2818849086761475,,
train_step,30400,4919.113699311001,6.747570913380674e-05,1.4003632068634033,,
train_step,30450,4926.851755665,6.710526080745644e-05,1.3498506546020508,,
train_step,30500,4934.586640849,6.67363606001183e-05,1.474362850189209,,
eval,30500,4934.586640849,6.67363606001183e-05,,1.3710688662528991,1.3942610025405884
train_step,30550,4946.937635136001,6.636901434562397e-05,1.3918225765228271,,
train_step,30600,4954.590439931,6.600322785323063e-05,1.2565553188323975,,
train_step,30650,4962.353514492001,6.563900690752926e-05,1.3032150268554688,,
train_step,30700,4970.073625387,6.527635726835313e-05,1.3610116243362427,,
train_step,30750,4977.859739801001,6.491528467068653e-05,1.3619439601898193,,
train_step,30800,4985.684572303,6.455579482457438e-05,1.317343831062317,,
train_step,30850,4993.538493858001,6.419789341503181e-05,1.3346736431121826,,
train_step,30900,5001.280597611001,6.384158610195399e-05,1.3201478719711304,,
train_step,30950,5008.969626605001,6.348687852002713e-05,1.3557333946228027,,
train_step,31000,5016.608154912001,6.313377627863897e-05,1.418320894241333,,
eval,31000,5016.608154912001,6.313377627863897e-05,,1.3739851236343383,1.3674182987213135
train_step,31050,5029.021131829,6.278228496179012e-05,1.3418989181518555,,
train_step,31100,5036.746614970001,6.243241012800606e-05,1.4146751165390015,,
train_step,31150,5044.580205799,6.208415731024881e-05,1.3773185014724731,,
train_step,31200,5052.366992012001,6.17375320158298e-05,1.4617245197296143,,
train_step,31250,5060.011597472001,6.139253972632244e-05,1.3963489532470703,,
train_step,31300,5067.651895481,6.104918589747575e-05,1.2994260787963867,,
train_step,31350,5075.309969895001,6.070747595912792e-05,1.4119175672531128,,
train_step,31400,5083.155729864,6.036741531512036e-05,1.3444112539291382,,
train_step,31450,5091.015764879001,6.002900934321243e-05,1.445900797843933,,
train_step,31500,5098.798876924,5.9692263394996376e-05,1.380220890045166,,
eval,31500,5098.798876924,5.9692263394996376e-05,,1.3790299201011658,1.3921944332122802
train_step,31550,5111.2771286160005,5.9357182795812417e-05,1.3596928119659424,,
train_step,31600,5119.1271157870015,5.902377284466499e-05,1.2897191047668457,,
train_step,31650,5127.043676373001,5.8692038814138494e-05,1.4068851470947266,,
train_step,31700,5134.979691022001,5.836198595031427e-05,1.2380740642547607,,
train_step,31750,5142.9097134290005,5.803361947268748e-05,1.361937403678894,,
train_step,31800,5150.740192334,5.770694457408443e-05,1.4043538570404053,,
train_step,31850,5158.391285086,5.7381966420580814e-05,1.3866627216339111,,
train_step,31900,5166.246585926001,5.705869015141957e-05,1.355612874031067,,
train_step,31950,5174.017554998001,5.673712087893e-05,1.3827884197235107,,
train_step,32000,5181.8439451310005,5.6417263688446755e-05,1.2954883575439453,,
eval,32000,5181.8439451310005,5.6417263688446755e-05,,1.3794461679458618,1.379665243625641
train_step,32050,5194.446392557,5.609912363822927e-05,1.3421188592910767,,
train_step,32100,5202.290955758001,5.5782705759382104e-05,1.4085723161697388,,
train_step,32150,5210.069091731,5.546801505577507e-05,1.424553632736206,,
train_step,32200,5217.719140198,5.5155056503964223e-05,1.3932527303695679,,
train_step,32250,5225.413222285,5.48438350531133e-05,1.3445441722869873,,
train_step,32300,5233.070349591,5.453435562491512e-05,1.3225376605987549,,
train_step,32350,5240.772440175,5.4226623113514114e-05,1.3741713762283325,,
train_step,32400,5248.594379696,5.392064238542872e-05,1.3532910346984863,,
train_step,32450,5256.467380492,5.361641827947441e-05,1.3498831987380981,,
train_step,32500,5264.308804993001,5.3313955606687296e-05,1.3088228702545166,,
eval,32500,5264.308804993001,5.3313955606687296e-05,,1.389389464855194,1.3704049468040467
train_step,32550,5276.646794570001,5.3013259150247894e-05,1.3496837615966797,,
train_step,32600,5284.353125365,5.2714333665405666e-05,1.3121172189712524,,
train_step,32650,5292.045206190001,5.241718387940368e-05,1.351719617843628,,
train_step,32700,5299.763228487,5.2121814491403824e-05,1.3538315296173096,,
train_step,32750,5307.512517314,5.182823017241266e-05,1.3611862659454346,,
train_step,32800,5315.224181709,5.1536435565207426e-05,1.3251028060913086,,
train_step,32850,5322.957482406,5.124643528426261e-05,1.3927266597747803,,
train_step,32900,5330.656527051,5.0958233915677066e-05,1.384847640991211,,
train_step,32950,5338.395756068001,5.067183601710137e-05,1.4225658178329468,,
train_step,33000,5346.162658829,5.038724611766585e-05,1.3677546977996826,,
eval,33000,5346.162658829,5.038724611766585e-05,,1.37234135389328,1.3813609719276427
train_step,33050,5358.864355135,5.0104468717908975e-05,1.4033299684524536,,
train_step,33100,5366.700413769,4.9823508289706e-05,1.3962007761001587,,
train_step,33150,5374.537522031,4.95443692761985e-05,1.342820644378662,,
train_step,33200,5382.350872381001,4.9267056091723905e-05,1.3549243211746216,,
train_step,33250,5390.196452161001,4.8991573121745766e-05,1.3664603233337402,,
train_step,33300,5397.99496724,4.8717924722784485e-05,1.290527582168579,,
train_step,33350,5405.803981701001,4.844611522234824e-05,1.350548505783081,,
train_step,33400,5413.644972694001,4.817614891886473e-05,1.4124832153320312,,
train_step,33450,5421.351004017,4.790803008161309e-05,1.3559494018554688,,
train_step,33500,5428.98968791,4.764176295065636e-05,1.4453624486923218,,
eval,33500,5428.98968791,4.764176295065636e-05,,1.366161403656006,1.3625102734565735
train_step,33550,5441.154766145,4.7377351736774585e-05,1.2891502380371094,,
train_step,33600,5448.803414009,4.7114800621397964e-05,1.3503942489624023,,
train_step,33650,5456.442330766,4.685411375654102e-05,1.4452228546142578,,
train_step,33700,5464.080649163001,4.659529526473676e-05,1.4284029006958008,,
train_step,33750,5471.717882404,4.6338349238971444e-05,1.3510551452636719,,
train_step,33800,5479.358313095001,4.608327974262004e-05,1.438884973526001,,
train_step,33850,5486.998333019001,4.583009080938175e-05,1.390175461769104,,
train_step,33900,5494.637955234,4.557878644321642e-05,1.3761460781097412,,
train_step,33950,5502.276631205001,4.532937061828111e-05,1.3528300523757935,,
train_step,34000,5509.916017221001,4.5081847278867195e-05,1.3462045192718506,,
eval,34000,5509.916017221001,4.5081847278867195e-05,,1.3689681553840638,1.37686439037323
train_step,34050,5522.276896898,4.483622033933816e-05,1.349186897277832,,
train_step,34100,5529.915543319001,4.45924936840675e-05,1.2961244583129883,,
train_step,34150,5537.553738600001,4.435067116737746e-05,1.4047244787216187,,
train_step,34200,5545.1919410400005,4.411075661347803e-05,1.4693934917449951,,
train_step,34250,5552.830473585,4.387275381640634e-05,1.3255590200424194,,
train_step,34300,5560.469802845,4.3636666539966904e-05,1.3912240266799927,,
train_step,34350,5568.108761700001,4.340249851767187e-05,1.34602952003479,,
train_step,34400,5575.749039683,4.317025345268208e-05,1.3736940622329712,,
train_step,34450,5583.388289492001,4.2939935017748594e-05,1.3294563293457031,,
train_step,34500,5591.024908267,4.2711546855154386e-05,1.3736238479614258,,
eval,34500,5591.024908267,4.2711546855154386e-05,,1.3651985144615173,1.3686177945137024
train_step,34550,5603.638122818,4.2485092576656956e-05,1.3785171508789062,,
train_step,34600,5611.580010762,4.2260575763431146e-05,1.4103772640228271,,
train_step,34650,5619.469700076001,4.20379999660124e-05,1.3474647998809814,,
train_step,34700,5627.360463933001,4.181736870424085e-05,1.3857109546661377,,
train_step,34750,5635.191885147,4.1598685467205326e-05,1.3926422595977783,,
train_step,34800,5643.102696705,4.1381953713188544e-05,1.2919151782989502,,
train_step,34850,5650.991955152,4.1167176869612144e-05,1.294809341430664,,
train_step,34900,5658.904808934001,4.095435833298257e-05,1.2908916473388672,,
train_step,34950,5666.818681454,4.0743501468837395e-05,1.3345119953155518,,
train_step,35000,5674.735369102,4.053460961169211e-05,1.307096242904663,,
eval,35000,5674.735369102,4.053460961169211e-05,,1.360713186264038,1.3886670064926148
train_step,35050,5687.434423927001,4.0327686064987246e-05,1.3282707929611206,,
train_step,35100,5695.273200714,4.0122734101036374e-05,1.3480128049850464,,
train_step,35150,5703.1931155580005,3.991975696097409e-05,1.3127788305282593,,
train_step,35200,5711.074800404,3.9718757854704964e-05,1.4023573398590088,,
train_step,35250,5718.723537279,3.951973996085275e-05,1.3901705741882324,,
train_step,35300,5726.373873478,3.932270642670994e-05,1.3408852815628052,,
train_step,35350,5734.026200812001,3.912766036818826e-05,1.3824505805969238,,
train_step,35400,5741.795835063,3.893460486976917e-05,1.3160388469696045,,
train_step,35450,5749.560971829,3.874354298445523e-05,1.275519609451294,,
train_step,35500,5757.341816659,3.855447773372175e-05,1.3802562952041626,,
eval,35500,5757.341816659,3.855447773372175e-05,,1.3530091071128845,1.363176200389862
train_step,35550,5769.86436245,3.836741210746899e-05,1.382897138595581,,
train_step,35600,5777.677040169001,3.818234906397497e-05,1.3317651748657227,,
train_step,35650,5785.509154090001,3.7999291529848615e-05,1.334808349609375,,
train_step,35700,5793.32739319,3.781824239998343e-05,1.3390851020812988,,
train_step,35750,5801.167536897001,3.7639204537511856e-05,1.258685827255249,,
train_step,35800,5809.042679997001,3.746218077375984e-05,1.3577818870544434,,
train_step,35850,5816.944890104001,3.728717390820221e-05,1.3825905323028564,,
train_step,35900,5824.867120566001,3.711418670841829e-05,1.3633613586425781,,
train_step,35950,5832.775854956,3.6943221910048126e-05,1.4471688270568848,,
train_step,36000,5840.697900241001,3.677428221674935e-05,1.3325774669647217,,
eval,36000,5840.697900241001,3.677428221674935e-05,,1.3667311239242554,1.3666589307785033
train_step,36050,5853.303924614,3.660737030015427e-05,1.353590488433838,,
train_step,36100,5861.093579533001,3.644248879982774e-05,1.3732739686965942,,
train_step,36150,5868.899082616001,3.627964032322537e-05,1.3282384872436523,,
train_step,36200,5876.6539068,3.6118827445652234e-05,1.3655555248260498,,
train_step,36250,5884.315144078,3.596005271022229e-05,1.3016297817230225,,
train_step,36300,5891.967357857,3.580331862781801e-05,1.359576940536499,,
train_step,36350,5899.622511421001,3.5648627677050745e-05,1.3638970851898193,,
train_step,36400,5907.277385985,3.5495982304221544e-05,1.373934030532837,,
train_step,36450,5914.927468604001,3.5345384923282425e-05,1.385566234588623,,
train_step,36500,5922.581920521001,3.519683791579824e-05,1.4853732585906982,,
eval,36500,5922.581920521001,3.519683791579824e-05,,1.3513015794754029,1.3581290292739867
train_step,36550,5934.791101636001,3.505034363090895e-05,1.3608176708221436,,
train_step,36600,5942.445007436001,3.4905904385292585e-05,1.29036545753479,,
train_step,36650,5950.108820123001,3.4763522463128464e-05,1.4027235507965088,,
train_step,36700,5957.764633953,3.4623200116061184e-05,1.346590518951416,,
train_step,36750,5965.415790001001,3.4484939563164986e-05,1.3047356605529785,,
train_step,36800,5973.067266637001,3.434874299090868e-05,1.250382661819458,,
train_step,36850,5980.71660614,3.4214612553120946e-05,1.4237663745880127,,
train_step,36900,5988.367917770001,3.408255037095648e-05,1.3629233837127686,,
train_step,36950,5996.021221713001,3.395255853286227e-05,1.3240894079208374,,
train_step,37000,6003.676483535,3.382463909454464e-05,1.2771871089935303,,
eval,37000,6003.676483535,3.382463909454464e-05,,1.3557409858703613,1.3682636547088622
train_step,37050,6016.074292023,3.3698794078936796e-05,1.3083511590957642,,
train_step,37100,6023.725562163001,3.35750254761667e-05,1.3935540914535522,,
train_step,37150,6031.369391477001,3.34533352435257e-05,1.430970311164856,,
train_step,37200,6038.965741672,3.333372530543762e-05,1.412975788116455,,
train_step,37250,6046.564726509001,3.321619755342814e-05,1.3073424100875854,,
train_step,37300,6054.161961271,3.310075384609509e-05,1.32365083694458,,
train_step,37350,6061.761536224001,3.298739600907895e-05,1.3976163864135742,,
train_step,37400,6069.358518116,3.287612583503399e-05,1.4134331941604614,,
train_step,37450,6076.955950008001,3.276694508359993e-05,1.3925538063049316,,
train_step,37500,6084.553263182001,3.2659855481374115e-05,1.3808350563049316,,
eval,37500,6084.553263182001,3.2659855481374115e-05,,1.3587154340744019,1.3539287209510804
train_step,37550,6096.651117130001,3.255485872188423e-05,1.2694348096847534,,
train_step,37600,6104.24955115,3.245195646556146e-05,1.3990846872329712,,
train_step,37650,6111.848673818,3.2351150339714306e-05,1.4030534029006958,,
train_step,37700,6119.447678954,3.225244193850278e-05,1.425724983215332,,
train_step,37750,6127.045994278,3.215583282291321e-05,1.2841792106628418,,
train_step,37800,6134.6422615110005,3.206132452073367e-05,1.368316650390625,,
train_step,37850,6142.240985289001,3.196891852652961e-05,1.3507342338562012,,
train_step,37900,6149.8393766320005,3.187861630162038e-05,1.3918561935424805,,
train_step,37950,6157.439750784,3.17904192740561e-05,1.3249359130859375,,
train_step,38000,6165.034912679001,3.1704328838595e-05,1.3206621408462524,,
eval,38000,6165.034912679001,3.1704328838595e-05,,1.358936378955841,1.3610688352584839
train_step,38050,6177.335155984001,3.162034635668142e-05,1.4670937061309814,,
train_step,38100,6184.935684523001,3.1538473156424315e-05,1.3534796237945557,,
train_step,38150,6192.533141514001,3.1458710532576165e-05,1.4271056652069092,,
train_step,38200,6200.132652552,3.138105974651257e-05,1.380051612854004,,
train_step,38250,6207.730164178001,3.130552202621225e-05,1.4688607454299927,,
train_step,38300,6215.329035277,3.123209856623767e-05,1.3266987800598145,,
train_step,38350,6222.928339752001,3.116079052771617e-05,1.2522869110107422,,
train_step,38400,6230.527172875001,3.1091599038321474e-05,1.2990736961364746,,
train_step,38450,6238.125482407,3.102452519225604e-05,1.3505215644836426,,
train_step,38500,6245.723797883,3.095957005023359e-05,1.3950164318084717,,
eval,38500,6245.723797883,3.095957005023359e-05,,1.3647978115081787,1.3665036535263062
train_step,38550,6257.838074972,3.089673463946246e-05,1.3654465675354004,,
train_step,38600,6265.434577456001,3.083601995362928e-05,1.4257296323776245,,
train_step,38650,6273.032272003,3.0777426952883286e-05,1.4001579284667969,,
train_step,38700,6280.631296339001,3.072095656382115e-05,1.393291711807251,,
train_step,38750,6288.229101321,3.06666096794723e-05,1.3750624656677246,,
train_step,38800,6295.827456034001,3.06143871592848e-05,1.3146374225616455,,
train_step,38850,6303.427814925,3.056428982911176e-05,1.3720035552978516,,
train_step,38900,6311.027226354001,3.0516318481198334e-05,1.3316118717193604,,
train_step,38950,6318.624358165,3.0470473874169086e-05,1.3641514778137207,,
train_step,39000,6326.222850636001,3.0426756733016063e-05,1.42348051071167,,
eval,39000,6326.222850636001,3.0426756733016063e-05,,1.3452469730377197,1.3561604356765746
train_step,39050,6338.572260532001,3.0385167749087327e-05,1.392001748085022,,
train_step,39100,6346.171278998001,3.0345707580076005e-05,1.3601064682006836,,
train_step,39150,6353.771599944001,3.030837685000988e-05,1.3064110279083252,,
train_step,39200,6361.370828577001,3.0273176149241528e-05,1.3867295980453491,,
train_step,39250,6368.969999039,3.0240106034439047e-05,1.2998528480529785,,
train_step,39300,6376.567354118,3.020916702857712e-05,1.3007168769836426,,
train_step,39350,6384.166200459,3.0180359620928853e-05,1.3606511354446411,,
train_step,39400,6391.764977943001,3.0153684267058025e-05,1.3577930927276611,,
train_step,39450,6399.363235394001,3.0129141388811824e-05,1.3470474481582642,,
train_step,39500,6406.965376526001,3.0106731374314253e-05,1.3259071111679077,,
eval,39500,6406.965376526001,3.0106731374314253e-05,,1.3689999175071716,1.376998860836029
train_step,39550,6419.077088097001,3.0086454577959923e-05,1.3313300609588623,,
train_step,39600,6426.676339345,3.006831132040852e-05,1.3588567972183228,,
train_step,39650,6434.273595926001,3.0052301888579652e-05,1.3782498836517334,,
train_step,39700,6441.871037733001,3.0038426535648357e-05,1.4086350202560425,,
train_step,39750,6449.468375064,3.002668548104115e-05,1.341165542602539,,
train_step,39800,6457.066604066,3.0017078910432436e-05,1.394031047821045,,
train_step,39850,6464.665444535001,3.000960697574166e-05,1.4082043170928955,,
train_step,39900,6472.266830592,3.0004269795130894e-05,1.3216389417648315,,
train_step,39950,6479.866966423,3.0001067453002937e-05,1.2520031929016113,,
train_step,40000,6487.463891786001,3e-05,1.3777129650115967,,
eval,40000,6487.463891786001,3e-05,,1.352444531917572,1.356421389579773
